Word,IDF_Score
above,1.916290731874155
accurate,1.5108256237659907
accurately,1.916290731874155
achieves,1.916290731874155
acute,1.916290731874155
advanced,1.916290731874155
african,1.916290731874155
agricu,1.916290731874155
agricultural,1.5108256237659907
agriculture,1.916290731874155
agronomic,1.916290731874155
all,1.916290731874155
among,1.2231435513142097
analysis,1.916290731874155
and,0.8176784432060454
anglesey,1.916290731874155
applications,1.916290731874155
approach,1.5108256237659907
april,1.916290731874155
are,1.916290731874155
aris,1.916290731874155
article,1.916290731874155
arts,1.916290731874155
arusha,1.916290731874155
assessed,1.916290731874155
associated,1.916290731874155
available,1.0
awel,1.916290731874155
background,1.916290731874155
backscatter,1.916290731874155
bally,1.916290731874155
beans,1.916290731874155
below,1.916290731874155
between,1.916290731874155
boosting,1.916290731874155
box,1.916290731874155
bridge,1.916290731874155
building,1.916290731874155
can,1.916290731874155
causalinferenc,1.916290731874155
cband,1.916290731874155
centers,1.916290731874155
challenging,1.916290731874155
change,1.916290731874155
changes,1.916290731874155
characterize,1.916290731874155
chilo,1.916290731874155
china,1.916290731874155
climate,1.916290731874155
college,1.5108256237659907
communication,1.916290731874155
compared,1.916290731874155
complete,1.916290731874155
comprehensive,1.5108256237659907
computational,1.916290731874155
computer,1.916290731874155
consistently,1.916290731874155
construct,1.916290731874155
content,1.916290731874155
contents,1.0
control,1.916290731874155
controlling,1.916290731874155
conventional,1.916290731874155
correlation,1.916290731874155
covid,1.916290731874155
critical,1.5108256237659907
crop,1.5108256237659907
crops,1.916290731874155
cse,1.916290731874155
cultivation,1.916290731874155
curate,1.916290731874155
curve,1.916290731874155
daily,1.916290731874155
damage,1.916290731874155
data,1.2231435513142097
datadriven,1.916290731874155
decisionmaking,1.916290731874155
demonstrate,1.916290731874155
department,1.916290731874155
designed,1.916290731874155
detection,1.916290731874155
developed,1.916290731874155
devotha,1.916290731874155
didaa,1.916290731874155
direct,1.0
disease,1.916290731874155
during,1.5108256237659907
dynamic,1.916290731874155
dynamics,1.916290731874155
early,1.916290731874155
effects,1.916290731874155
eina,1.916290731874155
enabling,1.916290731874155
engineering,1.5108256237659907
enhancing,1.5108256237659907
ensa,1.916290731874155
ensuring,1.916290731874155
environment,1.916290731874155
environmental,1.916290731874155
erameteorological,1.916290731874155
essential,1.916290731874155
estimate,1.916290731874155
evaluates,1.916290731874155
exceeds,1.916290731874155
excellent,1.916290731874155
exhibits,1.916290731874155
existing,1.916290731874155
experimental,1.916290731874155
explicitly,1.916290731874155
farm,1.916290731874155
farmers,1.916290731874155
farmlevel,1.916290731874155
field,1.5108256237659907
fieldmeasured,1.916290731874155
fields,1.916290731874155
findings,1.916290731874155
fitting,1.916290731874155
food,1.5108256237659907
for,1.0
forecasting,1.5108256237659907
forest,1.5108256237659907
forestrfalgorithmwhichincorporatemeteorologicalsoilandcrop,1.916290731874155
framework,1.916290731874155
from,1.916290731874155
gbr,1.916290731874155
generalization,1.916290731874155
generally,1.916290731874155
global,1.916290731874155
gradient,1.916290731874155
grain,1.916290731874155
griculture,1.916290731874155
hao,1.916290731874155
harvest,1.916290731874155
harvesting,1.916290731874155
health,1.916290731874155
heterogeneity,1.916290731874155
highlight,1.916290731874155
highlighting,1.916290731874155
history,1.916290731874155
homepage,1.0
hospital,1.916290731874155
howev,1.916290731874155
however,1.916290731874155
ignore,1.916290731874155
improving,1.916290731874155
include,1.916290731874155
includingtrapmonitoringricephysiologicalindicesderivedfromremotesensingand,1.916290731874155
increases,1.916290731874155
india,1.916290731874155
indicatorsthe,1.916290731874155
infection,1.916290731874155
infections,1.916290731874155
infectious,1.916290731874155
information,1.916290731874155
informed,1.916290731874155
innovations,1.916290731874155
institute,1.5108256237659907
instituteof,1.916290731874155
institution,1.916290731874155
international,1.916290731874155
into,1.916290731874155
its,1.916290731874155
japan,1.916290731874155
jingbo,1.916290731874155
jiulong,1.916290731874155
john,1.916290731874155
journal,1.0
kerala,1.916290731874155
keywords,1.2231435513142097
kobayashia,1.916290731874155
kyoto,1.916290731874155
learning,1.5108256237659907
level,1.916290731874155
liberal,1.916290731874155
lists,1.0
lley,1.916290731874155
llys,1.916290731874155
loessbased,1.916290731874155
long,1.916290731874155
lstm,1.916290731874155
lturalpoli,1.916290731874155
machida,1.916290731874155
machine,1.5108256237659907
mae,1.916290731874155
maize,1.916290731874155
major,1.916290731874155
makes,1.916290731874155
management,1.5108256237659907
mandela,1.916290731874155
market,1.916290731874155
matthewsbc,1.916290731874155
mbeya,1.916290731874155
medical,1.916290731874155
memory,1.916290731874155
mena,1.916290731874155
meteorological,1.5108256237659907
methodological,1.916290731874155
model,1.5108256237659907
modelling,1.916290731874155
models,1.5108256237659907
moisture,1.916290731874155
mokesh,1.916290731874155
mount,1.916290731874155
multisource,1.916290731874155
mussa,1.916290731874155
must,1.916290731874155
neglect,1.916290731874155
nelson,1.916290731874155
nihonmatsucho,1.916290731874155
nmaist,1.916290731874155
nyamboa,1.916290731874155
objectively,1.916290731874155
occupational,1.916290731874155
omaryab,1.916290731874155
operations,1.916290731874155
optimal,1.916290731874155
optimizing,1.916290731874155
orthopaedics,1.916290731874155
our,1.916290731874155
outbreak,1.916290731874155
outbreaks,1.916290731874155
paper,1.916290731874155
partition,1.916290731874155
peoples,1.916290731874155
performance,1.916290731874155
pest,1.916290731874155
philip,1.916290731874155
physiological,1.916290731874155
policy,1.916290731874155
policyoriented,1.916290731874155
population,1.916290731874155
populations,1.916290731874155
posing,1.916290731874155
potential,1.916290731874155
potentially,1.916290731874155
practical,1.916290731874155
predict,1.916290731874155
prediction,0.8176784432060454
predictionmodelsusingthe,1.916290731874155
predictions,1.5108256237659907
prevention,1.916290731874155
productivity,1.916290731874155
prophet,1.916290731874155
proposed,1.916290731874155
qiang,1.916290731874155
quality,1.5108256237659907
random,1.2231435513142097
rayalu,1.916290731874155
received,1.916290731874155
regions,1.916290731874155
regression,1.916290731874155
reliability,1.916290731874155
remote,1.916290731874155
republic,1.916290731874155
research,1.5108256237659907
respiratory,1.916290731874155
results,1.5108256237659907
rfr,1.916290731874155
rice,1.0
riceproducing,1.916290731874155
risk,1.916290731874155
rmse,1.916290731874155
robustness,1.916290731874155
sakyoku,1.916290731874155
sar,1.916290731874155
saruk,1.916290731874155
satellite,1.916290731874155
scheme,1.916290731874155
school,1.5108256237659907
schoolof,1.916290731874155
science,1.0
sciences,1.916290731874155
sciencesvellore,1.916290731874155
screening,1.5108256237659907
security,1.5108256237659907
sensing,1.916290731874155
sensitivityparameter,1.916290731874155
sentinel,1.916290731874155
serious,1.916290731874155
set,1.916290731874155
shoko,1.916290731874155
short,1.916290731874155
show,1.916290731874155
slopechange,1.916290731874155
smallholder,1.916290731874155
smart,1.916290731874155
society,1.916290731874155
soil,1.916290731874155
spread,1.916290731874155
stability,1.5108256237659907
stage,1.916290731874155
stagebased,1.916290731874155
stagespecific,1.916290731874155
statistical,1.916290731874155
street,1.916290731874155
study,1.5108256237659907
suite,1.916290731874155
superior,1.916290731874155
support,1.916290731874155
supporting,1.2231435513142097
suppressalis,1.916290731874155
sustainability,1.916290731874155
synergistic,1.916290731874155
tamagawa,1.916290731874155
tamagawagakuen,1.916290731874155
tanzania,1.916290731874155
targeted,1.916290731874155
technology,1.916290731874155
technologyvelloreindia,1.916290731874155
temperature,1.916290731874155
term,1.916290731874155
test,1.916290731874155
that,1.916290731874155
the,1.2231435513142097
therefore,1.916290731874155
these,1.916290731874155
this,1.5108256237659907
threats,1.916290731874155
three,1.916290731874155
threestagespopulationestablishmentexpansionandoutbreakandtheintegrationofmultisourcedata,1.916290731874155
tianjin,1.916290731874155
time,1.916290731874155
timing,1.916290731874155
title,0.8176784432060454
tokyo,1.916290731874155
travelers,1.916290731874155
under,1.916290731874155
university,1.5108256237659907
upon,1.916290731874155
use,1.5108256237659907
using,1.5108256237659907
value,1.916290731874155
values,1.916290731874155
variables,1.916290731874155
vector,1.916290731874155
wang,1.916290731874155
with,1.5108256237659907
wwwelseviercomlocatersase,1.916290731874155
wwwjournalselseviercomsmartagriculturaltechnology,1.916290731874155
wwwkeaipublishingcomidm,1.916290731874155
wwwsciencedirectcomjournalresultsinengineering,1.916290731874155
yield,1.2231435513142097
yields,1.916290731874155
yoshida,1.916290731874155
yuming,1.916290731874155
zeng,1.916290731874155
