Index,Word
0,above
1,accurate
2,accurately
3,achieves
4,acute
5,advanced
6,african
7,agricu
8,agricultural
9,agriculture
10,agronomic
11,all
12,among
13,analysis
14,and
15,anglesey
16,applications
17,approach
18,april
19,are
20,aris
21,article
22,arts
23,arusha
24,assessed
25,associated
26,available
27,awel
28,background
29,backscatter
30,bally
31,beans
32,below
33,between
34,boosting
35,box
36,bridge
37,building
38,can
39,causalinferenc
40,cband
41,centers
42,challenging
43,change
44,changes
45,characterize
46,chilo
47,china
48,climate
49,college
50,communication
51,compared
52,complete
53,comprehensive
54,computational
55,computer
56,consistently
57,construct
58,content
59,contents
60,control
61,controlling
62,conventional
63,correlation
64,covid
65,critical
66,crop
67,crops
68,cse
69,cultivation
70,curate
71,curve
72,daily
73,damage
74,data
75,datadriven
76,decisionmaking
77,demonstrate
78,department
79,designed
80,detection
81,developed
82,devotha
83,didaa
84,direct
85,disease
86,during
87,dynamic
88,dynamics
89,early
90,effects
91,eina
92,enabling
93,engineering
94,enhancing
95,ensa
96,ensuring
97,environment
98,environmental
99,erameteorological
100,essential
101,estimate
102,evaluates
103,exceeds
104,excellent
105,exhibits
106,existing
107,experimental
108,explicitly
109,farm
110,farmers
111,farmlevel
112,field
113,fieldmeasured
114,fields
115,findings
116,fitting
117,food
118,for
119,forecasting
120,forest
121,forestrfalgorithmwhichincorporatemeteorologicalsoilandcrop
122,framework
123,from
124,gbr
125,generalization
126,generally
127,global
128,gradient
129,grain
130,griculture
131,hao
132,harvest
133,harvesting
134,health
135,heterogeneity
136,highlight
137,highlighting
138,history
139,homepage
140,hospital
141,howev
142,however
143,ignore
144,improving
145,include
146,includingtrapmonitoringricephysiologicalindicesderivedfromremotesensingand
147,increases
148,india
149,indicatorsthe
150,infection
151,infections
152,infectious
153,information
154,informed
155,innovations
156,institute
157,instituteof
158,institution
159,international
160,into
161,its
162,japan
163,jingbo
164,jiulong
165,john
166,journal
167,kerala
168,keywords
169,kobayashia
170,kyoto
171,learning
172,level
173,liberal
174,lists
175,lley
176,llys
177,loessbased
178,long
179,lstm
180,lturalpoli
181,machida
182,machine
183,mae
184,maize
185,major
186,makes
187,management
188,mandela
189,market
190,matthewsbc
191,mbeya
192,medical
193,memory
194,mena
195,meteorological
196,methodological
197,model
198,modelling
199,models
200,moisture
201,mokesh
202,mount
203,multisource
204,mussa
205,must
206,neglect
207,nelson
208,nihonmatsucho
209,nmaist
210,nyamboa
211,objectively
212,occupational
213,omaryab
214,operations
215,optimal
216,optimizing
217,orthopaedics
218,our
219,outbreak
220,outbreaks
221,paper
222,partition
223,peoples
224,performance
225,pest
226,philip
227,physiological
228,policy
229,policyoriented
230,population
231,populations
232,posing
233,potential
234,potentially
235,practical
236,predict
237,prediction
238,predictionmodelsusingthe
239,predictions
240,prevention
241,productivity
242,prophet
243,proposed
244,qiang
245,quality
246,random
247,rayalu
248,received
249,regions
250,regression
251,reliability
252,remote
253,republic
254,research
255,respiratory
256,results
257,rfr
258,rice
259,riceproducing
260,risk
261,rmse
262,robustness
263,sakyoku
264,sar
265,saruk
266,satellite
267,scheme
268,school
269,schoolof
270,science
271,sciences
272,sciencesvellore
273,screening
274,security
275,sensing
276,sensitivityparameter
277,sentinel
278,serious
279,set
280,shoko
281,short
282,show
283,slopechange
284,smallholder
285,smart
286,society
287,soil
288,spread
289,stability
290,stage
291,stagebased
292,stagespecific
293,statistical
294,street
295,study
296,suite
297,superior
298,support
299,supporting
300,suppressalis
301,sustainability
302,synergistic
303,tamagawa
304,tamagawagakuen
305,tanzania
306,targeted
307,technology
308,technologyvelloreindia
309,temperature
310,term
311,test
312,that
313,the
314,therefore
315,these
316,this
317,threats
318,three
319,threestagespopulationestablishmentexpansionandoutbreakandtheintegrationofmultisourcedata
320,tianjin
321,time
322,timing
323,title
324,tokyo
325,travelers
326,under
327,university
328,upon
329,use
330,using
331,value
332,values
333,variables
334,vector
335,wang
336,with
337,wwwelseviercomlocatersase
338,wwwjournalselseviercomsmartagriculturaltechnology
339,wwwkeaipublishingcomidm
340,wwwsciencedirectcomjournalresultsinengineering
341,yield
342,yields
343,yoshida
344,yuming
345,zeng
