Word,Dim-1,Dim-2,Dim-3,Dim-4,Dim-5
aachen,0.14171443191874655,0.013705422749902385,0.2105659646991087,0.11634086246753461,0.4094282683518081
academi,0.2119359998101089,0.02518554374974724,0.0028594160664539015,0.49508742675283235,0.09372684062509218
acolleg,0.940459380215623,0.3230523317819278,0.7403660539075823,0.4383845333796357,0.1616487670157325
across,0.3551043663375171,0.6052580723477871,0.7664086672378551,0.8378407812366016,0.5921346176314768
acut,0.40782130672906947,0.7076351739976436,0.16441571914133313,0.5474920744492948,0.5692405826519598
adach,0.3497715463607274,0.6990596014312073,0.46585369079523786,0.26019478233263826,0.8458984392156575
adepart,0.9945723493354898,0.6440986951461064,0.7217796910766576,0.5570655774939858,0.27435826498097426
advanc,0.6528749158472437,0.41750756143641277,0.4861866431609242,0.12363559006121028,0.06038064454731973
african,0.9376288979473452,0.16042634185818783,0.508682873594621,0.009412829520360488,0.15121268048559688
agricultur,0.4578079794077563,0.2745326535729792,0.5926964932981008,0.2815937296284975,0.5681024764928048
ahunan,0.1478899898445366,0.6862211480251669,0.48237613942810154,0.38055030537171874,0.39185123737096583
aist,0.30866223350307165,0.5850152059002854,0.38217392162130315,0.46934400032380985,0.9148951108095783
analysi,0.09111617602227995,0.33886365355881565,0.7446589248144535,0.6828799363797006,0.8983609623962048
andecolog,0.5323459159786087,0.38267213919778664,0.27328687291372555,0.42849040810463346,0.8505760986135863
andenvironment,0.9077627043931906,0.8634377775934406,0.7547422364682712,0.7609264746994066,0.9562468581805537
andpredict,0.19445558599055768,0.5674905219378205,0.24218578578602878,0.3090875558085563,0.5959710123610028
andremot,0.17600060781169335,0.9710376385991704,0.8302237974660442,0.407147390339486,0.42605911540674823
anglesey,0.8566596424392223,0.9954702475917502,0.8159651495165628,0.6035362227044428,0.9949875022428835
antara,0.37240931993511694,0.034200488888014635,0.5824194606697207,0.6459686319820688,0.1339851247474294
appli,0.5436524676179135,0.7806892009186494,0.10379705255801874,0.98837299571612,0.8099134840946808
applic,0.5897728880043756,0.9132244836934198,0.8408209853107492,0.5656606333646879,0.6375938552202014
approach,0.7622940377092315,0.4115681427245972,0.2823680193635738,0.8203273090316059,0.3296536730611016
arusha,0.9392017527157397,0.6699933509483197,0.1627849819665761,0.4955939377662548,0.9440994481250077
aschool,0.036293892353259416,0.6609225679477001,0.6422182777714792,0.9341693475892191,0.5024716416468705
asian,0.7768413440039413,0.8487469575454923,0.7868207798847547,0.6047577619246198,0.42589171034362194
attent,0.8039294609395163,0.9853478240622827,0.5095326899133055,0.9304773966410109,0.41632772113841476
aunit,0.7959309920394911,0.555508182721043,0.09236863437232434,0.39410325613428043,0.07210020203567791
author,0.18163971862813189,0.8748559542215458,0.26611381381284893,0.05063476138164558,0.6653424802403983
avail,0.33409781507307024,0.6932145534618593,0.2852282189405725,0.36127411315518665,0.11179912014314608
awel,0.11038320343531893,0.01948840714273059,0.26975003904077677,0.5279350034131021,0.4982489160711415
b,0.6926007148285025,0.582846452139013,0.225000099250657,0.01691751335428371,0.6468076730021445
backscatt,0.21726336741407293,0.49352003241180753,0.8022351359225071,0.4775193732805113,0.5753329747375687
balli,0.1676297239939798,0.06249485330421367,0.8686539252495729,0.30431688667861456,0.645894329477584
band,0.10553336372216748,0.6808174225216023,0.7425611041502683,0.355481280251263,0.4913529227185949
base,0.015405916660245933,0.9288142501167646,0.33612169242282397,0.1388166734389379,0.5183247892420194
bdepart,0.5282740625670433,0.05614966265151189,0.019706593210611634,0.4094379725008941,0.8169918321760016
bean,0.49603138251302026,0.034405409869486814,0.834125169089964,0.844400287330343,0.4102454870374135
benvironment,0.4008653208767262,0.1157692083635089,0.11333688464958358,0.5375150276315498,0.5363038366587684
bfaculti,0.2750558483254866,0.4535558859408022,0.06967128101983588,0.5684748210778676,0.9187623875201978
biolog,0.7893437753036213,0.8849905030201834,0.11687869951754137,0.25599280739535946,0.14432780555281655
box,0.40425147321810506,0.699382734262308,0.38087797695535774,0.14672916892184995,0.041025603442374825
bridg,0.4799139638297675,0.49945691191752706,0.6903622664356142,0.9477011924588379,0.6452591327086455
brwth,0.04494281153045643,0.9647206906954171,0.6291468150449544,0.06830053304529138,0.4760708532971668
bschool,0.1864518417022264,0.9447507688045659,0.7926647730437592,0.4588631688400563,0.7818989534110506
c,0.5649512386436751,0.07424434880665176,0.6387415179547986,0.8830298523242293,0.06758521980198329
cao,0.373581405260318,0.2616878669016387,0.8060692593865145,0.6142930828788497,0.4737502027303453
cengin,0.3949866504958367,0.8018417530922559,0.24627719737452258,0.42286694263824853,0.1060339824843588
center,0.26743416027235833,0.629496007761002,0.7423360810372327,0.5355428345711231,0.7343992959048341
changsha,0.10542098100819908,0.5549630361488347,0.3682947805950815,0.4173002049802943,0.5924835224586253
china,0.09750865702449141,0.7913937795254735,0.27898570999045147,0.39771692454740915,0.5791733623566875
civil,0.9019376664315946,0.7869938283881727,0.8099262930692439,0.3766080314633611,0.3884890595834112
climat,0.40593180259649775,0.47328769443922736,0.2546367091479006,0.10498204584730919,0.3520740596864391
cnphase,0.6204811076354259,0.6478105176277681,0.19131366414322915,0.8191570364530067,0.02481156622338343
cocs,0.3526808479868093,0.07834671045661679,0.7034109202862164,0.007886363754290082,0.5774830936838523
colleg,0.41060976673361904,0.29456062200173183,0.19533229916199146,0.7073996659676872,0.9882855110741106
com,0.3364270774619458,0.7473326452193884,0.27795527886899896,0.3392677305626324,0.07957378455689035
commun,0.5995797539466949,0.5862382221541146,0.2588873408799701,0.7101222530648951,0.1295452278802357
comput,0.30367297364886936,0.22419571903015212,0.39731620601305995,0.869372474710664,0.009866348633227995
content,0.20763010968199425,0.2604806237268569,0.9750841277657822,0.8119807505317044,0.20727553278131394
control,0.4083258992487979,0.8676089728526888,0.4820363526560514,0.10586269097095036,0.26584017638993607
correl,0.9062238132845115,0.6044633896824589,0.020878393870609746,0.09017454320099805,0.7981510629089286
correspond,0.5629635764755491,0.4413568988652732,0.6448765806067068,0.9773089828757109,0.6541381199354633
covid,0.7366806037445253,0.763786203717571,0.5887043377077377,0.5880534081015243,0.7811022084557885
crop,0.572189274278552,0.735753797185563,0.7375066931700958,0.8282142223862058,0.7637282637882832
cultiv,0.05511310964998206,0.5769602968722048,0.3175118251979566,0.7141822695624604,0.5783506692635098
dasguptab,0.5203622743288235,0.6034409446234524,0.35365301652397085,0.17634370328042048,0.31447207360960516
data,0.5147139563715238,0.05718294860396722,0.6691806183447522,0.12782286214812855,0.5911689027671985
denga,0.3298362584942327,0.8083956173298154,0.22147643207723777,0.48112681490182685,0.5547063687501075
dengd,0.23123365715094457,0.5009792415069692,0.8892832099650089,0.909963567832641,0.3220175833600408
denni,0.539085334262726,0.9353578279700162,0.7578307943526799,0.43470347443445445,0.10543398213094923
deriv,0.1645699797698833,0.13431838492981718,0.5871263238137734,0.3007293962759152,0.47502755700112764
devotha,0.6519129450733082,0.6109221481644577,0.8203032515716366,0.864631011025959,0.7645906586431377
didaa,0.3911119518731502,0.30439795349643484,0.42544512228435205,0.798101192518285,0.6642735098596764
diseas,0.5301591717977866,0.4061554986889385,0.7883485047419131,0.5037830541925737,0.12423967333397523
donga,0.7678694515937724,0.2433496422818886,0.8330479859807776,0.9756800153166965,0.36702422663246526
driven,0.5980687537960075,0.5837875144923741,0.7046258195851117,0.4339715508983797,0.624686309609148
driver,0.10847622854337235,0.6471204552761155,0.5496734246570838,0.9396368215911126,0.9679798791937422
drought,0.11072149360013683,0.5895050053603963,0.16408685954767643,0.3348559920162939,0.8683604142437926
dynam,0.036449748660747794,0.2961584642142062,0.6241275055699439,0.4607385238966778,0.19804480862781437
e,0.18378191688676626,0.1984437675964955,0.47943486898751586,0.6514810884964743,0.44360726549054785
edu,0.3461328269029248,0.823935602928493,0.8157375371400726,0.5647140863874992,0.549237014953044
engin,0.18911108509061947,0.7033184084322814,0.4867670380796527,0.22632299091762242,0.6230663403912722
ensa,0.819366628695503,0.8461057912823714,0.7680563764418304,0.0735797435697162,0.8252955644317943
equip,0.18308356282278093,0.6253414796277719,0.886877726194304,0.09263392067788934,0.9344815475483854
estim,0.6908026584570931,0.2819311764045309,0.6374248678607183,0.5375717289259438,0.5858083588821579
european,0.463073975335733,0.39424309889781795,0.9574847981568309,0.009339841284306316,0.03613341174524076
ey,0.8620924873163502,0.14042952649815954,0.6648071462824037,0.555039349942072,0.5753138920589851
f,0.23243653516133012,0.8701717632490319,0.34080290773989697,0.6244298536592661,0.5553993382391842
factor,0.6579062425935244,0.7990150711542602,0.9145618705584516,0.6053008490803806,0.7390201392017383
faculti,0.32393303130069806,0.5147314437775303,0.662480173891415,0.2432173923329468,0.24919949715008693
farm,0.17005171571969302,0.9054836015821391,0.45658366970297704,0.10267927538731836,0.8791986796735535
featur,0.31546562259398925,0.34603859817866156,0.9605928246983219,0.2963381521474302,0.7099198948872351
field,0.05798597056895405,0.4050155595052929,0.5078473720947617,0.1962745686181595,0.42847158383159323
food,0.4928308104519018,0.5116151616206753,0.21756782155804788,0.1791209924230237,0.37286697911716815
forest,0.562971460356645,0.20446507737261366,0.7441759636172673,0.8377439116136123,0.6019659012862988
fu,0.4780832023239979,0.9195492410548849,0.3188455288316715,0.04453431829531762,0.9306524618203182
fuchu,0.3309517940281116,0.8118976742722182,0.6758597430256642,0.4780208384542396,0.3665852157202941
g,0.9781924860024517,0.2899044441391222,0.5362243108267315,0.397008162492121,0.6474899500966841
gakuen,0.6765826888854756,0.22806295861107384,0.7373896260426377,0.847348228892194,0.42725140608023904
gangyang,0.3872024548197499,0.7746901943719692,0.5313832551994503,0.8846014505819717,0.10470431585940598
garga,0.9601429541418492,0.5796152426094243,0.73169714163791,0.26672512846641494,0.12635737957499926
gifu,0.27017568164233186,0.4575086052236019,0.060653470212690075,0.4088636511468653,0.470316879519753
graduat,0.0555346195054518,0.875631788347914,0.870278899320066,0.6860411899060008,0.5054275900338076
grain,0.2975334032327087,0.728066207003841,0.1622887423756808,0.6135183928236891,0.40614529627449314
growth,0.9182976464091009,0.9300050427663922,0.6927502489183613,0.7065833335920144,0.895896212273284
hao,0.7483935263498899,0.4760133144187819,0.9291221164565369,0.08052879952009606,0.12333823311873837
harvest,0.9548189861770309,0.33762326477559146,0.000368432320820955,0.006434999624936544,0.14511577427553857
health,0.3502482947843337,0.9975389754917923,0.9855579410278617,0.8901307751553856,0.4256705977008092
hempushpa,0.5447021776076567,0.39757379725273656,0.15022325023512906,0.9141082245385089,0.5336714152674858
homepag,0.44143418133431456,0.21842071076357028,0.8518693969576299,0.1462118220115678,0.4757343321752303
hospit,0.08774195301260446,0.9014693939049228,0.9223263703457593,0.3150845280782931,0.24800449434385718
hua,0.4260147071503626,0.8794341155498494,0.033752811039353015,0.9661951002993366,0.7105721313054603
huanglin,0.06643907736535026,0.8413264815549029,0.022284786978272964,0.15193550250198629,0.7522873182721878
hub,0.8757340186665103,0.2340094389582813,0.6459655237819079,0.0156586080182608,0.07270711735463475
hunan,0.8789173671054438,0.9345857814044849,0.3263700143901729,0.017326973637521115,0.2502765409229788
hydraul,0.5004101099186092,0.010731775787078734,0.38671479523214447,0.2392743351572314,0.7456151630301773
hyperspectr,0.07896945281034295,0.7860691805134294,0.7929800039100392,0.21458547214243773,0.077984207525707
imag,0.9414267437037189,0.15626466071710632,0.6039112939271177,0.40030100652752276,0.7664509122484634
imageri,0.8997383387902566,0.2966457339965425,0.26835033121325513,0.9887305893822371,0.15686272693954262
india,0.8807524151993855,0.6647519947559557,0.20454829201764302,0.8186173374676239,0.12850980955233315
indian,0.3252449379140494,0.07898540437589863,0.5970011542651845,0.9756830244133017,0.9113096638852961
indic,0.23682287155985382,0.6030587454226186,0.36072574276370195,0.007289764674973442,0.7210634656668632
infect,0.8927432388912874,0.1982859647908276,0.178985634230029,0.7290059889700329,0.9809888632466444
inform,0.21434419945365524,0.8993178042209642,0.16771851382028258,0.6045734524296529,0.08794881626789863
institut,0.03973992847845831,0.5238927372931791,0.13255861644009126,0.3802599073446876,0.8349884936603617
integr,0.7482187563029893,0.21120589646344168,0.1133035868056037,0.058122327394165674,0.40310260616787086
iww,0.036261297065478315,0.5595987131380139,0.3862765672403704,0.13175778861348786,0.8291260867115207
japan,0.8246474061000794,0.19494366821551412,0.7241551335115791,0.42623540305058605,0.24667186366414418
jingbo,0.21220029917138494,0.5240428253028945,0.12569867464337892,0.2409773322071912,0.30681891664863115
jinpeng,0.5914674734053749,0.18503357719621905,0.6994788417437288,0.7822951006814075,0.6831114917508606
john,0.13404459235079447,0.2732428223459854,0.28452950445291325,0.6287142903038753,0.42612691562529614
journal,0.8851359400120965,0.05427827464596069,0.8200426274769609,0.032643235361729084,0.865778320464152
jun,0.6409742518168018,0.393678443246432,0.7460942898213584,0.061995884820090774,0.9943850752043012
kaiwen,0.20969031551059558,0.06485636196248734,0.009316872387562292,0.47339053209248416,0.9708460437329078
katsurad,0.41649439110769704,0.20902177660270127,0.21903723607133951,0.0027206234505547933,0.08043194464316483
keisuk,0.19393423500722473,0.033681997617221904,0.855266283040728,0.8582500369027624,0.46545865484623883
key,0.3440469909174716,0.5349595399576758,0.3870913324767745,0.09345574094846965,0.09349437621110412
keylaboratori,0.9830134863304681,0.36271195379461163,0.78961169417524,0.38680945514353726,0.39379911618738606
keyword,0.9928649605334628,0.11969213286729341,0.08619213445311724,0.2745335353130234,0.08382471835868077
kiplagat,0.3419326945300242,0.9045073245012374,0.08155008229353633,0.12437251116061898,0.7781619133545887
kobayashia,0.40759620471781577,0.9058832654335307,0.518820777523814,0.3301181931408219,0.09336404590663838
kumar,0.21765866222133157,0.2661089216300341,0.10575994836951508,0.8694040268456101,0.4779970323828755
kushinoa,0.8325486022504738,0.13054393351994076,0.7312196394361674,0.46744788850680696,0.6090043117337526
l,0.15351993507489003,0.1526300886319163,0.7568351909291727,0.4067914022493949,0.23206202511809537
lab,0.8633017065449532,0.32141876663937785,0.5539139065259784,0.31915253735436333,0.4158297411426597
laboratori,0.3417910522989781,0.6679883078322838,0.057324760496093585,0.37942055192685653,0.13509911418450082
learn,0.9600520041185631,0.7847846610446841,0.38056801797093376,0.5097745225282966,0.8838377143857236
level,0.25559795299311083,0.4286992041577097,0.4341886445699006,0.378539196991185,0.6248182106102994
li,0.33757897828417527,0.8677600495161581,0.3993620781382079,0.9013637188254817,0.9908091177785066
lia,0.2625458365441059,0.5556838083028949,0.4352752652139693,0.18806810988979217,0.9734303449722532
liang,0.01904889826439249,0.8069470561414458,0.7266039115565427,0.6260108904545396,0.34185703475764984
lihuawang,0.9214819043268767,0.9599432726066796,0.9789054971312335,0.7123626734714146,0.29507566703144095
list,0.9096110629994613,0.2990773595918176,0.5530677611383954,0.7536570449723808,0.18092878951387636
liu,0.9171290885521713,0.024153397670893306,0.009892451983502859,0.8252920777715486,0.2199415885859456
liua,0.014436097223457067,0.027877409159995703,0.5227999378824719,0.2058257427122201,0.6299486368248309
lli,0.4868628197101239,0.9785488738352331,0.8848255721564616,0.04659859007855205,0.01791371867080882
lu,0.6403479218658599,0.5996580112745293,0.8121281610289087,0.681715043257986,0.14443043822971413
machida,0.22231622449415223,0.7288382363203729,0.8072027366776087,0.6554748475250963,0.8257877343873713
machin,0.42930532398271337,0.5849387717562289,0.6964163881928709,0.6007358765899173,0.8259143275419368
mail,0.6609244541847609,0.570836211376921,0.02022551943943951,0.5233753533825002,0.9709843575525019
maiz,0.7121381531124317,0.12515988700098846,0.585215803998192,0.302989225816485,0.23244950966762967
manag,0.3222060973182922,0.7741816004450481,0.29096131057518027,0.4772282364092453,0.6526481647863217
mandela,0.13241423960896193,0.18614049055021098,0.7903308255096032,0.8449104675479034,0.006267602163560926
mara,0.031255586109714684,0.28142877248053755,0.15240696430779266,0.63331695549156,0.9706313937556079
matthewsb,0.6611190456746727,0.03923515699123137,0.5049783561954584,0.14133885911011912,0.06314719844870043
mbeya,0.02998113169023242,0.22286694703479004,0.08812612081285842,0.21731299329774345,0.6420670458250508
measur,0.1274573317543044,0.15334751107845146,0.8398917611322978,0.9211322999704532,0.11432194782114946
mechan,0.01098308626981992,0.016356829925789018,0.7186302483405799,0.24513762462921518,0.33881143191574115
medic,0.21981119941004956,0.3850003355204882,0.9087805839469314,0.045935242874549975,0.4903779356698349
menai,0.6408385921984856,0.6951555338886429,0.8788544691567463,0.37918337404352354,0.31138071540125845
method,0.43457536908093286,0.03551412829574041,0.6623829554971973,0.660553065015646,0.7787541613650313
ming,0.7333774861108355,0.3761351809656366,0.5495075041751167,0.7616802579480179,0.24858400229828415
model,0.5594623997043895,0.21298857417661132,0.0075158011815407155,0.7798244390713976,0.321573251082342
moe,0.30839848073532183,0.9345681253540624,0.23000014669283475,0.6519656130534365,0.719990757574266
moistur,0.5414568639604161,0.37429863127879226,0.951333512008772,0.6497713062186649,0.11774760595229805
mokesh,0.0478948380989459,0.7343619514308233,0.8090717838625363,0.854305283719676,0.3056671427116311
mount,0.9558266114778865,0.3524579163650925,0.7329693910693906,0.3803568607966662,0.7098989114811689
multi,0.8998611985709105,0.21375038819457604,0.1342508144119401,0.3719410687092115,0.9844349064490345
multispectr,0.4102946218657869,0.5545727871433913,0.3723174518008934,0.18098107349447468,0.8572387397785158
mussa,0.11037572755430558,0.3350673542497513,0.5577784306221598,0.11856733490056093,0.2944963579290909
must,0.16553974441527208,0.7447368549725115,0.6605434449272857,0.563965756351813,0.9812447316536002
n,0.7377057797250244,0.2363623275665262,0.35756319133189984,0.13871530047315328,0.7081321470169071
nation,0.23389941715054718,0.5806216625958645,0.3332637412993765,0.6808861757878345,0.9365748016152374
nbu,0.3584279952730106,0.0062784894861435125,0.002149266124102933,0.678044769862987,0.14542029361023734
nelson,0.9245385949907189,0.5266699693311819,0.2159637614590344,0.8285576318715507,0.1064179891438859
ningbo,0.4400892491231623,0.45490269115417614,0.4846893802706769,0.48866664003526117,0.58843247433909
nm,0.27913845722943365,0.8120717571742638,0.43729921358382084,0.16839914675465495,0.6616019646002941
nyamboa,0.9114467708746931,0.6634765708046729,0.6353818263257655,0.22104580074986158,0.6918944062691635
ofcoast,0.231459811244751,0.7585464047501487,0.3522977858497086,0.22528374742966673,0.2011254967764674
ofgeographi,0.30913523446430635,0.0025142793177683753,0.8652986397358047,0.2483521783913979,0.8884708964407955
ofintegr,0.1826497360282321,0.27085014904067894,0.94430071245317,0.9535533413371914,0.7625013237703062
ofremot,0.2887035956943871,0.4183714330832399,0.5379372099425557,0.26113567585117325,0.3389956695075632
ofricechilosuppressali,0.7995321482507695,0.3313720198545801,0.4134118734401915,0.9913190463916913,0.9579933523400159
omarya,0.023429418619534292,0.789212764782839,0.7319146210265122,0.3967995374785541,0.5065738897640188
oper,0.8387537949297723,0.774094927790313,0.31335116698249177,0.07484683188091301,0.22739478914260658
optim,0.10475663739139851,0.8127257158810937,0.3187776964506185,0.5362159139288175,0.09252940847858437
orient,0.9900733837311411,0.06312540229732833,0.8018448836546079,0.676703632996895,0.6442697103997079
orthopaed,0.652360399538752,0.23978072638492764,0.7275728882220878,0.8698961718098301,0.041535166058123685
p,0.655017654737313,0.6894963590536397,0.568304846735373,0.17900380040781805,0.39331467397484154
paper,0.8384921530362633,0.499946612235598,0.03191073046932347,0.689552806228657,0.793520498791378
peopl,0.24070315619067228,0.6936222205305661,0.05810931650460749,0.40372484268358144,0.8467572280824042
philip,0.912759652340606,0.059532129718935844,0.8386672523715246,0.23110761168171567,0.036779758503048265
physiolog,0.04622863269231525,0.012473043085177271,0.9437052075744813,0.5365270993870582,0.38962512464898125
plant,0.6743061943800028,0.4499978262841262,0.048816514571772496,0.8156604712056262,0.5756114059984776
plot,0.7764474621877829,0.8261424321259317,0.2910448997137226,0.7755632661253301,0.262926713721788
polici,0.2369925121986517,0.0694779105913158,0.15239621000817505,0.21181608321486556,0.33178162057033844
potenti,0.260716619769114,0.28511119196801316,0.7930556550141844,0.2790635721137108,0.464041856078933
pradeep,0.6877833604198609,0.9816431802502151,0.7755032626228426,0.9518731763543129,0.043692267912854965
predict,0.3670193437953667,0.3052084843699998,0.1446158578037443,0.19162607333035886,0.7715216129335994
prevent,0.18675877597529555,0.47051569447198816,0.7221485906644703,0.632010006593138,0.799866777399962
qiang,0.5830044910736482,0.4009803413628572,0.6771950453312393,0.806704972031829,0.3435973068497059
qq,0.03520877023053093,0.462389989140208,0.6048823158825297,0.27538874723442885,0.90763488986622
qualiti,0.9505529555886024,0.23067543668446322,0.4939938588826315,0.5085853470284953,0.5078042540715076
quinoa,0.7215089643486567,0.1400132947964149,0.8414299878693557,0.155359699988891,0.5620919804003562
r,0.12654383819874582,0.953239605373795,0.7621501745118778,0.7126168360278057,0.5604083480373705
random,0.16014945780968814,0.5355926489944067,0.05997120421739066,0.2855557446959869,0.6354881573875484
rayalug,0.5744674523848191,0.14979394751628572,0.021897118260571835,0.31237319668540686,0.22883445575088768
regener,0.6173243203388935,0.5690498845030755,0.21415387782996242,0.13465058360169213,0.4684996070524253
remot,0.4448055446693142,0.4773999929863011,0.589562312437929,0.8686018605216826,0.9555938519566627
republ,0.7863222479791886,0.5909895041667113,0.9773199856995981,0.27145734256666887,0.598766275663499
research,0.08340009938533732,0.3142371490311481,0.1334311562399142,0.5670887053545167,0.026963398185952836
resourc,0.19814967623513224,0.42120755189787185,0.5765554992340707,0.6134146758222176,0.9088505340096951
respiratori,0.4545510659283545,0.7080382688099007,0.5210639762427971,0.36502054299931863,0.181556850492555
result,0.012503234177625555,0.2378068018378937,0.02111562101713682,0.24320451212732286,0.43633094097309666
rice,0.6257173694748261,0.8841437206106321,0.34259631762531817,0.7026197052167852,0.5282922006698398
risk,0.6862097919738512,0.799380047739813,0.336665973789545,0.6366289044532184,0.9558285898392618
rong,0.45479005066968714,0.40690524036007525,0.7355447949381919,0.41811547908738456,0.646556782767348
roorke,0.17032620584711167,0.10066336160205447,0.9836135012398878,0.4114209227681589,0.6844679825684067
sahua,0.9414320291373143,0.1477588638266054,0.9553191442247172,0.4911478516687596,0.49761520615153587
sar,0.22323895278488004,0.3927336194360558,0.8146608121865913,0.45560229870649027,0.44865286865318954
sarukb,0.17127625568876137,0.48576108747083013,0.26234000509114885,0.9328789017994505,0.010441321601475817
satellit,0.9581474678616849,0.611755013668629,0.42415334348965883,0.1966508062766157,0.47903302798600245
saurabh,0.6502716699655106,0.44808930371058886,0.9365418710179378,0.14859555774219912,0.38998536507950765
sayako,0.355158638803709,0.528382890145326,0.3211221671810168,0.8873897408188517,0.15161445907374982
sayo,0.33683329999086375,0.07783820404465946,0.3810520083404848,0.04617391478838562,0.23806312460818402
scale,0.9394430355808521,0.587658880520609,0.60726328379652,0.09408531382855267,0.7769929480386328
school,0.8653654777178255,0.3675278460979061,0.07391648977616594,0.9759155813040856,0.3278336145135683
scienc,0.803324634771142,0.6772697488024619,0.574468322240691,0.739706893082111,0.3783274676413062
sciencedirect,0.6707797010066543,0.38511136228502707,0.6060164682571857,0.6854245139737557,0.3377476768437139
secur,0.00955688978864766,0.4648896718971285,0.26307107737244717,0.9009204340975252,0.14303714370449372
sens,0.18180615528105837,0.24180345840219652,0.5524299036626935,0.5192353748357499,0.18623495439262538
sentinel,0.31835049886066946,0.7125086583557029,0.2371962839085412,0.5803889965812694,0.41729307833052964
sesaya,0.8801047172290852,0.6894088314531085,0.0714142181642684,0.40905919025293136,0.6724054987586676
shoko,0.463440228152434,0.5831597077136098,0.5800725198583686,0.29162756682258417,0.059490855045304714
shunsuk,0.8211443745342539,0.9170882513756962,0.31781186474946943,0.010883880494812814,0.1942262389043049
smart,0.26137813578702984,0.0024504858644766037,0.54266199995035,0.35931017062705206,0.3566522889392302
sourc,0.024734379013715557,0.19417713332429387,0.01467703338099613,0.474217317069593,0.5176859422388683
spectral,0.7859033532782776,0.9609466823816053,0.09785349953846079,0.6234710383511463,0.038831797924984146
stage,0.5203803624206135,0.7300470687931218,0.4391720761444611,0.9117112892929937,0.13190645328663786
street,0.6597374086580573,0.7372359216325938,0.8094100604131617,0.9295008515743386,0.7511318605107136
structur,0.637828828536325,0.16049076621594227,0.7686202113320214,0.7371622750273737,0.5221708154811848
sustain,0.67133272234106,0.9475240880974407,0.5406923537632486,0.3083780726354418,0.5427674466408784
system,0.17117302702274684,0.9982528551677095,0.637904573985327,0.31447549548359477,0.3213461571882946
tamagawa,0.5493514652287481,0.6450534247294641,0.24145909982805547,0.34677109845223375,0.887956713109399
tanzania,0.9182065945397756,0.7609058282441,0.19212308305206016,0.6783695512882956,0.5030160958036001
technolog,0.8108369084981496,0.6911398175114616,0.36116916937583854,0.1992017879951541,0.38382380012902306
tian,0.4912995084883942,0.4235142040943606,0.3216097039118676,0.05359674478831089,0.19069558080856452
tianjin,0.371339990033411,0.11320644991640716,0.5501506658322426,0.292885150883745,0.724533558950216
time,0.23556095986504122,0.5471566641789053,0.3053847567771958,0.38402781162472654,0.17016358352104555
tokyo,0.9568816895982494,0.388605480582466,0.9755761006687288,0.9382392213100306,0.7969290947615387
tomoaki,0.8267473388838915,0.5127938947344387,0.4108555276464906,0.03940098218543564,0.33309653907611037
transfer,0.6990675793638024,0.011249809378508724,0.349642215581243,0.20028362381352083,0.12632639658538902
travel,0.8651261246287327,0.5976658966657908,0.015805525376437313,0.9397050529147901,0.5800773146513414
uav,0.4642732005881409,0.9735805723892453,0.03927442534240455,0.004540773750814409,0.8697201167284174
uk,0.9714653099184052,0.3810009962922113,0.8782100642714489,0.623544533363401,0.990472522926483
univers,0.43079213961198504,0.5134636990003235,0.9461581883504576,0.6742128082723219,0.01139819550188148
use,0.6757040036784359,0.7067368083307974,0.8537990832394479,0.22305182474415608,0.6826004075407255
uttarakhand,0.3544887341734324,0.7992222110799656,0.3773308212815891,0.7258167915719395,0.2542571940182399
vellor,0.3719915144038247,0.39449367562673743,0.12856260996205915,0.0701441076631607,0.2727008830622868
vijaya,0.7456638555484122,0.9474511505318631,0.09625813988785004,0.3106634541153811,0.4179075451966313
wang,0.6888398010439014,0.7751012411675863,0.013368816926493943,0.058395384537275885,0.9153577960673249
wanglihua,0.3748288080922789,0.41269157475871443,0.8391857153275079,0.8786908219731171,0.5579029353351421
water,0.2036658906413943,0.5333988695421702,0.9335648086103764,0.5247779563767728,0.9717471975636653
weikang,0.8614918710921994,0.828524712070424,0.546913567830405,0.8585387377139331,0.6639034554580497
weiweisun,0.02538356072481096,0.6358617346685996,0.8569143804294838,0.8498858745078044,0.65529660453786
weix,0.31492194823223096,0.687585101594249,0.3365286028820469,0.3531818144037042,0.3305554815032107
www,0.837173729011135,0.38767377650652757,0.2459997205676706,0.9133221269205141,0.19925849059402134
xiaojun,0.051468488204168716,0.09255688387683103,0.6687276049582804,0.25445345270260855,0.959871201782262
yamaguchib,0.6491461378712994,0.3998350451873942,0.1446566347949515,0.37892748062574844,0.9544653203823964
yan,0.2741484724064084,0.9384993851175587,0.33600156413661464,0.8564884945978234,0.39087367870155887
yanagido,0.011037854663479285,0.09330782728662035,0.5993346287578533,0.9193599489650643,0.7075926931916132
yang,0.2764668854297232,0.7771400943441598,0.42316700469995994,0.30343864261773434,0.18088369054781317
yanxiaobao,0.6032850074475921,0.19469784496751008,0.22227385780949138,0.04533031008641031,0.5198206159771623
yasuharu,0.2069250835496742,0.7837916955755159,0.042806057190076574,0.20705739491954323,0.8033633999581986
yield,0.5999182615532103,0.7776066937656986,0.2047809434440815,0.13848382932004188,0.29528045362600264
yongchao,0.14572029943418496,0.3604351217332604,0.1891888836300094,0.020001285157347115,0.8173441316747189
yoshikawac,0.0975171723460081,0.14015780058738114,0.5152694496134286,0.8261427523197805,0.7334860958830842
yu,0.9676300915158335,0.9925326938242514,0.9566941729770642,0.29171618442154057,0.36989243176759
yuchenwu,0.31720773505381905,0.8471418319640915,0.30725191018620934,0.4616708755363126,0.8220937338265955
yume,0.3313832303572626,0.9545221468581871,0.7984855724840255,0.08054442426974429,0.9851314595910982
yumiaowang,0.5133545179264188,0.45556881354718604,0.7217656515449971,0.6734187279848894,0.47003023638393515
zeng,0.40497693625215025,0.7139586661057636,0.014968816226073156,0.050448442360681356,0.4005810783797268
zengc,0.769602602574627,0.23732221628905825,0.3946114025326264,0.015057640991777088,0.1049001398719166
zenghui,0.37823540004515477,0.43532002038711715,0.42429490519096247,0.6491234997215657,0.12454859801875828
zhaopeng,0.32959704143193336,0.695142925720629,0.09726085227430536,0.36780637116761483,0.6830936409930838
zhihua,0.6351194885462549,0.34671935251148256,0.7012346023301113,0.15876851116664803,0.2452034389671437
zhiyuanyao,0.3050063578088018,0.6339185317874165,0.792635791642848,0.13962074743877262,0.8922174546004785
zhongwei,0.7395413904524798,0.0886170844053985,0.20613867105625938,0.3378565482176803,0.7389429869449613
zhu,0.687233175639186,0.23553792658329364,0.5880356682970356,0.872451857124601,0.14571384070617588
zone,0.04480815624446588,0.10246436126234182,0.31477094845172493,0.3361458581654989,0.5273148300278852
