No,X_train_Context_Indices,X_train_Context_Words,y_train_Target_Index,y_train_Target_Word
1,"[222, 122]","['respiratori', 'infect']",4,acut
2,"[4, 122, 62]","['acut', 'infect', 'covid']",222,respiratori
3,"[4, 222, 62, 225]","['acut', 'respiratori', 'covid', 'risk']",122,infect
4,"[222, 122, 225, 208]","['respiratori', 'infect', 'risk', 'predict']",62,covid
5,"[122, 62, 208, 262]","['infect', 'covid', 'predict', 'travel']",225,risk
6,"[62, 225, 262, 215]","['covid', 'risk', 'travel', 'random']",208,predict
7,"[225, 208, 215, 94]","['risk', 'predict', 'random', 'forest']",262,travel
8,"[208, 262, 94, 172]","['predict', 'travel', 'forest', 'model']",215,random
9,"[262, 215, 172, 128]","['travel', 'random', 'model', 'jingbo']",94,forest
10,"[215, 94, 128, 287]","['random', 'forest', 'jingbo', 'yu']",172,model
11,"[94, 172, 287, 105]","['forest', 'model', 'yu', 'hao']",128,jingbo
12,"[172, 128, 105, 287]","['model', 'jingbo', 'hao', 'yu']",287,yu
13,"[128, 287, 287, 30]","['jingbo', 'yu', 'yu', 'b']",105,hao
14,"[287, 105, 30, 289]","['yu', 'hao', 'b', 'yume']",287,yu
15,"[105, 287, 289, 270]","['hao', 'yu', 'yume', 'wang']",30,b
16,"[287, 30, 270, 44]","['yu', 'b', 'wang', 'c']",289,yume
17,"[30, 289, 44, 210]","['b', 'yume', 'c', 'qiang']",270,wang
18,"[289, 270, 210, 291]","['yume', 'wang', 'qiang', 'zeng']",44,c
19,"[270, 44, 291, 197]","['wang', 'c', 'zeng', 'orthopaed']",210,qiang
20,"[44, 210, 197, 124]","['c', 'qiang', 'orthopaed', 'institut']",291,zeng
21,"[210, 291, 124, 257]","['qiang', 'zeng', 'institut', 'tianjin']",197,orthopaed
22,"[291, 197, 257, 257]","['zeng', 'orthopaed', 'tianjin', 'tianjin']",124,institut
23,"[197, 124, 257, 110]","['orthopaed', 'institut', 'tianjin', 'hospit']",257,tianjin
24,"[124, 257, 110, 257]","['institut', 'tianjin', 'hospit', 'tianjin']",257,tianjin
25,"[257, 257, 257, 200]","['tianjin', 'tianjin', 'tianjin', 'peopl']",110,hospit
26,"[257, 110, 200, 219]","['tianjin', 'hospit', 'peopl', 'republ']",257,tianjin
27,"[110, 257, 219, 49]","['hospit', 'tianjin', 'republ', 'china']",200,peopl
28,"[257, 200, 49, 30]","['tianjin', 'peopl', 'china', 'b']",219,republ
29,"[200, 219, 30, 124]","['peopl', 'republ', 'b', 'institut']",49,china
30,"[219, 49, 124, 194]","['republ', 'china', 'institut', 'oper']",30,b
31,"[49, 30, 194, 212]","['china', 'b', 'oper', 'qualiti']",124,institut
32,"[30, 124, 212, 59]","['b', 'institut', 'qualiti', 'control']",194,oper
33,"[124, 194, 59, 257]","['institut', 'oper', 'control', 'tianjin']",212,qualiti
34,"[194, 212, 257, 47]","['oper', 'qualiti', 'tianjin', 'center']",59,control
35,"[212, 59, 47, 73]","['qualiti', 'control', 'center', 'diseas']",257,tianjin
36,"[59, 257, 73, 59]","['control', 'tianjin', 'diseas', 'control']",47,center
37,"[257, 47, 59, 209]","['tianjin', 'center', 'control', 'prevent']",73,diseas
38,"[47, 73, 209, 257]","['center', 'diseas', 'prevent', 'tianjin']",59,control
39,"[73, 59, 257, 200]","['diseas', 'control', 'tianjin', 'peopl']",209,prevent
40,"[59, 209, 200, 219]","['control', 'prevent', 'peopl', 'republ']",257,tianjin
41,"[209, 257, 219, 49]","['prevent', 'tianjin', 'republ', 'china']",200,peopl
42,"[257, 200, 49, 44]","['tianjin', 'peopl', 'china', 'c']",219,republ
43,"[200, 219, 44, 236]","['peopl', 'republ', 'c', 'school']",49,china
44,"[219, 49, 236, 107]","['republ', 'china', 'school', 'health']",44,c
45,"[49, 44, 107, 161]","['china', 'c', 'health', 'manag']",236,school
46,"[44, 236, 161, 257]","['c', 'school', 'manag', 'tianjin']",107,health
47,"[236, 107, 257, 168]","['school', 'health', 'tianjin', 'medic']",161,manag
48,"[107, 161, 168, 54]","['health', 'manag', 'medic', 'colleg']",257,tianjin
49,"[161, 257, 54]","['manag', 'tianjin', 'colleg']",168,medic
50,"[257, 168]","['tianjin', 'medic']",54,colleg
51,"[92, 166]","['field', 'measur']",60,correl
52,"[60, 166, 103]","['correl', 'measur', 'grain']",92,field
53,"[60, 92, 103, 174]","['correl', 'field', 'grain', 'moistur']",166,measur
54,"[92, 166, 174, 58]","['field', 'measur', 'moistur', 'content']",103,grain
55,"[166, 103, 58, 44]","['measur', 'grain', 'content', 'c']",174,moistur
56,"[103, 174, 44, 33]","['grain', 'moistur', 'c', 'band']",58,content
57,"[174, 58, 33, 229]","['moistur', 'content', 'band', 'sar']",44,c
58,"[58, 44, 229, 31]","['content', 'c', 'sar', 'backscatt']",33,band
59,"[44, 33, 31, 206]","['c', 'band', 'backscatt', 'potenti']",229,sar
60,"[33, 229, 206, 266]","['band', 'sar', 'potenti', 'use']",31,backscatt
61,"[229, 31, 266, 241]","['sar', 'backscatt', 'use', 'sentinel']",206,potenti
62,"[31, 206, 241, 229]","['backscatt', 'potenti', 'sentinel', 'sar']",266,use
63,"[206, 266, 229, 66]","['potenti', 'use', 'sar', 'data']",241,sentinel
64,"[266, 241, 66, 84]","['use', 'sentinel', 'data', 'estim']",229,sar
65,"[241, 229, 84, 195]","['sentinel', 'sar', 'estim', 'optim']",66,data
66,"[229, 66, 195, 106]","['sar', 'data', 'optim', 'harvest']",84,estim
67,"[66, 84, 106, 258]","['data', 'estim', 'harvest', 'time']",195,optim
68,"[84, 195, 258, 224]","['estim', 'optim', 'time', 'rice']",106,harvest
69,"[195, 106, 224, 63]","['optim', 'harvest', 'rice', 'crop']",258,time
70,"[106, 258, 63, 64]","['harvest', 'time', 'crop', 'cultiv']",224,rice
71,"[258, 224, 64, 243]","['time', 'rice', 'cultiv', 'shoko']",63,crop
72,"[224, 63, 243, 140]","['rice', 'crop', 'shoko', 'kobayashia']",64,cultiv
73,"[63, 64, 140, 130]","['crop', 'cultiv', 'kobayashia', 'john']",243,shoko
74,"[64, 243, 130, 201]","['cultiv', 'shoko', 'john', 'philip']",140,kobayashia
75,"[243, 140, 201, 164]","['shoko', 'kobayashia', 'philip', 'matthewsb']",130,john
76,"[140, 130, 164, 44]","['kobayashia', 'john', 'matthewsb', 'c']",201,philip
77,"[130, 201, 44, 2]","['john', 'philip', 'c', 'acolleg']",164,matthewsb
78,"[201, 164, 2, 9]","['philip', 'matthewsb', 'acolleg', 'agricultur']",44,c
79,"[164, 44, 9, 253]","['matthewsb', 'c', 'agricultur', 'tamagawa']",2,acolleg
80,"[44, 2, 253, 265]","['c', 'acolleg', 'tamagawa', 'univers']",9,agricultur
81,"[2, 9, 265, 253]","['acolleg', 'agricultur', 'univers', 'tamagawa']",253,tamagawa
82,"[9, 253, 253, 98]","['agricultur', 'tamagawa', 'tamagawa', 'gakuen']",265,univers
83,"[253, 265, 98, 157]","['tamagawa', 'univers', 'gakuen', 'machida']",253,tamagawa
84,"[265, 253, 157, 259]","['univers', 'tamagawa', 'machida', 'tokyo']",98,gakuen
85,"[253, 98, 259, 127]","['tamagawa', 'gakuen', 'tokyo', 'japan']",157,machida
86,"[98, 157, 127, 37]","['gakuen', 'machida', 'japan', 'benvironment']",259,tokyo
87,"[157, 259, 37, 231]","['machida', 'tokyo', 'benvironment', 'satellit']",127,japan
88,"[259, 127, 231, 20]","['tokyo', 'japan', 'satellit', 'applic']",37,benvironment
89,"[127, 37, 20, 82]","['japan', 'benvironment', 'applic', 'ensa']",231,satellit
90,"[37, 231, 82, 155]","['benvironment', 'satellit', 'ensa', 'lli']",20,applic
91,"[231, 20, 155, 29]","['satellit', 'applic', 'lli', 'awel']",82,ensa
92,"[20, 82, 29, 176]","['applic', 'ensa', 'awel', 'mount']",155,lli
93,"[82, 155, 176, 249]","['ensa', 'lli', 'mount', 'street']",29,awel
94,"[155, 29, 249, 169]","['lli', 'awel', 'street', 'menai']",176,mount
95,"[29, 176, 169, 41]","['awel', 'mount', 'menai', 'bridg']",249,street
96,"[176, 249, 41, 17]","['mount', 'street', 'bridg', 'anglesey']",169,menai
97,"[249, 169, 17, 86]","['street', 'menai', 'anglesey', 'ey']",41,bridg
98,"[169, 41, 86, 264]","['menai', 'bridg', 'ey', 'uk']",17,anglesey
99,"[41, 17, 264]","['bridg', 'anglesey', 'uk']",86,ey
100,"[17, 86]","['anglesey', 'ey']",264,uk
101,"[147, 284]","['level', 'yield']",90,farm
102,"[90, 284, 208]","['farm', 'yield', 'predict']",147,level
103,"[90, 147, 208, 160]","['farm', 'level', 'predict', 'maiz']",284,yield
104,"[147, 284, 160, 224]","['level', 'yield', 'maiz', 'rice']",208,predict
105,"[284, 208, 224, 36]","['yield', 'predict', 'rice', 'bean']",160,maiz
106,"[208, 160, 36, 254]","['predict', 'maiz', 'bean', 'tanzania']",224,rice
107,"[160, 224, 254, 266]","['maiz', 'rice', 'tanzania', 'use']",36,bean
108,"[224, 36, 266, 158]","['rice', 'bean', 'use', 'machin']",254,tanzania
109,"[36, 254, 158, 146]","['bean', 'tanzania', 'machin', 'learn']",266,use
110,"[254, 266, 146, 177]","['tanzania', 'use', 'learn', 'multi']",158,machin
111,"[266, 158, 177, 246]","['use', 'machin', 'multi', 'sourc']",146,learn
112,"[158, 146, 246, 9]","['machin', 'learn', 'sourc', 'agricultur']",177,multi
113,"[146, 177, 9, 66]","['learn', 'multi', 'agricultur', 'data']",246,sourc
114,"[177, 246, 66, 32]","['multi', 'sourc', 'data', 'balli']",9,agricultur
115,"[246, 9, 32, 193]","['sourc', 'agricultur', 'balli', 'omarya']",66,data
116,"[9, 66, 193, 30]","['agricultur', 'data', 'omarya', 'b']",32,balli
117,"[66, 32, 30, 179]","['data', 'balli', 'b', 'mussa']",193,omarya
118,"[32, 193, 179, 72]","['balli', 'omarya', 'mussa', 'didaa']",30,b
119,"[193, 30, 72, 71]","['omarya', 'b', 'didaa', 'devotha']",179,mussa
120,"[30, 179, 71, 97]","['b', 'mussa', 'devotha', 'g']",72,didaa
121,"[179, 72, 97, 187]","['mussa', 'didaa', 'g', 'nyamboa']",71,devotha
122,"[72, 71, 187, 23]","['didaa', 'devotha', 'nyamboa', 'aschool']",97,g
123,"[71, 97, 23, 57]","['devotha', 'g', 'aschool', 'comput']",187,nyamboa
124,"[97, 187, 57, 56]","['g', 'nyamboa', 'comput', 'commun']",23,aschool
125,"[187, 23, 56, 237]","['nyamboa', 'aschool', 'commun', 'scienc']",57,comput
126,"[23, 57, 237, 81]","['aschool', 'comput', 'scienc', 'engin']",56,commun
127,"[57, 56, 81, 53]","['comput', 'commun', 'engin', 'cocs']",237,scienc
128,"[56, 237, 53, 184]","['commun', 'scienc', 'cocs', 'nelson']",81,engin
129,"[237, 81, 184, 162]","['scienc', 'engin', 'nelson', 'mandela']",53,cocs
130,"[81, 53, 162, 8]","['engin', 'cocs', 'mandela', 'african']",184,nelson
131,"[53, 184, 8, 124]","['cocs', 'nelson', 'african', 'institut']",162,mandela
132,"[184, 162, 124, 237]","['nelson', 'mandela', 'institut', 'scienc']",8,african
133,"[162, 8, 237, 255]","['mandela', 'african', 'scienc', 'technolog']",124,institut
134,"[8, 124, 255, 186]","['african', 'institut', 'technolog', 'nm']",237,scienc
135,"[124, 237, 186, 11]","['institut', 'scienc', 'nm', 'aist']",255,technolog
136,"[237, 255, 11, 198]","['scienc', 'technolog', 'aist', 'p']",186,nm
137,"[255, 186, 198, 40]","['technolog', 'nm', 'p', 'box']",11,aist
138,"[186, 11, 40, 22]","['nm', 'aist', 'box', 'arusha']",198,p
139,"[11, 198, 22, 254]","['aist', 'p', 'arusha', 'tanzania']",40,box
140,"[198, 40, 254, 35]","['p', 'box', 'tanzania', 'bdepart']",22,arusha
141,"[40, 22, 35, 57]","['box', 'arusha', 'bdepart', 'comput']",254,tanzania
142,"[22, 254, 57, 237]","['arusha', 'tanzania', 'comput', 'scienc']",35,bdepart
143,"[254, 35, 237, 81]","['tanzania', 'bdepart', 'scienc', 'engin']",57,comput
144,"[35, 57, 81, 165]","['bdepart', 'comput', 'engin', 'mbeya']",237,scienc
145,"[57, 237, 165, 265]","['comput', 'scienc', 'mbeya', 'univers']",81,engin
146,"[237, 81, 265, 237]","['scienc', 'engin', 'univers', 'scienc']",165,mbeya
147,"[81, 165, 237, 255]","['engin', 'mbeya', 'scienc', 'technolog']",265,univers
148,"[165, 265, 255, 180]","['mbeya', 'univers', 'technolog', 'must']",237,scienc
149,"[265, 237, 180]","['univers', 'scienc', 'must']",255,technolog
150,"[237, 255]","['scienc', 'technolog']",180,must
151,"[152, 28]","['list', 'avail']",58,content
152,"[58, 28, 238]","['content', 'avail', 'sciencedirect']",152,list
153,"[58, 152, 238, 223]","['content', 'list', 'sciencedirect', 'result']",28,avail
154,"[152, 28, 223, 81]","['list', 'avail', 'result', 'engin']",238,sciencedirect
155,"[28, 238, 81, 131]","['avail', 'sciencedirect', 'engin', 'journal']",223,result
156,"[238, 223, 131, 109]","['sciencedirect', 'result', 'journal', 'homepag']",81,engin
157,"[223, 81, 109, 276]","['result', 'engin', 'homepag', 'www']",131,journal
158,"[81, 131, 276, 238]","['engin', 'journal', 'www', 'sciencedirect']",109,homepag
159,"[131, 109, 238, 55]","['journal', 'homepag', 'sciencedirect', 'com']",276,www
160,"[109, 276, 55, 131]","['homepag', 'www', 'com', 'journal']",238,sciencedirect
161,"[276, 238, 131, 223]","['www', 'sciencedirect', 'journal', 'result']",55,com
162,"[238, 55, 223, 81]","['sciencedirect', 'com', 'result', 'engin']",131,journal
163,"[55, 131, 81, 220]","['com', 'journal', 'engin', 'research']",223,result
164,"[131, 223, 220, 199]","['journal', 'result', 'research', 'paper']",81,engin
165,"[223, 81, 199, 195]","['result', 'engin', 'paper', 'optim']",220,research
166,"[81, 220, 195, 224]","['engin', 'research', 'optim', 'rice']",199,paper
167,"[220, 199, 224, 284]","['research', 'paper', 'rice', 'yield']",195,optim
168,"[199, 195, 284, 208]","['paper', 'optim', 'yield', 'predict']",224,rice
169,"[195, 224, 208, 205]","['optim', 'rice', 'predict', 'polici']",284,yield
170,"[224, 284, 205, 196]","['rice', 'yield', 'polici', 'orient']",208,predict
171,"[284, 208, 196, 21]","['yield', 'predict', 'orient', 'approach']",205,polici
172,"[208, 205, 21, 9]","['predict', 'polici', 'approach', 'agricultur']",196,orient
173,"[205, 196, 9, 251]","['polici', 'orient', 'agricultur', 'sustain']",21,approach
174,"[196, 21, 251, 230]","['orient', 'approach', 'sustain', 'sarukb']",9,agricultur
175,"[21, 9, 230, 175]","['approach', 'agricultur', 'sarukb', 'mokesh']",251,sustain
176,"[9, 251, 175, 216]","['agricultur', 'sustain', 'mokesh', 'rayalug']",230,sarukb
177,"[251, 230, 216, 236]","['sustain', 'sarukb', 'rayalug', 'school']",175,mokesh
178,"[230, 175, 236, 7]","['sarukb', 'mokesh', 'school', 'advanc']",216,rayalug
179,"[175, 216, 7, 237]","['mokesh', 'rayalug', 'advanc', 'scienc']",236,school
180,"[216, 236, 237, 268]","['rayalug', 'school', 'scienc', 'vellor']",7,advanc
181,"[236, 7, 268, 124]","['school', 'advanc', 'vellor', 'institut']",237,scienc
182,"[7, 237, 124, 255]","['advanc', 'scienc', 'institut', 'technolog']",268,vellor
183,"[237, 268, 255, 268]","['scienc', 'vellor', 'technolog', 'vellor']",124,institut
184,"[268, 124, 268, 119]","['vellor', 'institut', 'vellor', 'india']",255,technolog
185,"[124, 255, 119, 214]","['institut', 'technolog', 'india', 'r']",268,vellor
186,"[255, 268, 214, 44]","['technolog', 'vellor', 'r', 'c']",119,india
187,"[268, 119, 44, 143]","['vellor', 'india', 'c', 'l']",214,r
188,"[119, 214, 143, 79]","['india', 'r', 'l', 'e']",44,c
189,"[214, 44, 79, 181]","['r', 'c', 'e', 'n']",143,l
190,"[44, 143, 181, 87]","['c', 'l', 'n', 'f']",79,e
191,"[143, 79, 87, 30]","['l', 'e', 'f', 'b']",181,n
192,"[79, 181, 30, 214]","['e', 'n', 'b', 'r']",87,f
193,"[181, 87, 214, 44]","['n', 'f', 'r', 'c']",30,b
194,"[87, 30, 44, 138]","['f', 'b', 'c', 'keyword']",214,r
195,"[30, 214, 138, 224]","['b', 'r', 'keyword', 'rice']",44,c
196,"[214, 44, 224, 284]","['r', 'c', 'rice', 'yield']",138,keyword
197,"[44, 138, 284, 208]","['c', 'keyword', 'yield', 'predict']",224,rice
198,"[138, 224, 208, 158]","['keyword', 'rice', 'predict', 'machin']",284,yield
199,"[224, 284, 158]","['rice', 'yield', 'machin']",208,predict
200,"[284, 208]","['yield', 'predict']",158,machin
201,"[190, 9]","['ofintegr', 'agricultur']",131,journal
202,"[131, 9, 288]","['journal', 'agricultur', 'yuchenwu']",190,ofintegr
203,"[131, 190, 288, 79]","['journal', 'ofintegr', 'yuchenwu', 'e']",9,agricultur
204,"[190, 9, 79, 159]","['ofintegr', 'agricultur', 'e', 'mail']",288,yuchenwu
205,"[9, 288, 159, 211]","['agricultur', 'yuchenwu', 'mail', 'qq']",79,e
206,"[288, 79, 211, 55]","['yuchenwu', 'e', 'qq', 'com']",159,mail
207,"[79, 159, 55, 61]","['e', 'mail', 'com', 'correspond']",211,qq
208,"[159, 211, 61, 27]","['mail', 'qq', 'correspond', 'author']",55,com
209,"[211, 55, 27, 79]","['qq', 'com', 'author', 'e']",61,correspond
210,"[55, 61, 79, 159]","['com', 'correspond', 'e', 'mail']",27,author
211,"[61, 27, 159, 271]","['correspond', 'author', 'mail', 'wanglihua']",79,e
212,"[27, 79, 271, 183]","['author', 'e', 'wanglihua', 'nbu']",159,mail
213,"[79, 159, 183, 80]","['e', 'mail', 'nbu', 'edu']",271,wanglihua
214,"[159, 271, 80, 52]","['mail', 'wanglihua', 'edu', 'cnphase']",183,nbu
215,"[271, 183, 52, 78]","['wanglihua', 'nbu', 'cnphase', 'dynam']",80,edu
216,"[183, 80, 78, 12]","['nbu', 'edu', 'dynam', 'analysi']",52,cnphase
217,"[80, 52, 12, 15]","['edu', 'cnphase', 'analysi', 'andpredict']",78,dynam
218,"[52, 78, 15, 192]","['cnphase', 'dynam', 'andpredict', 'ofricechilosuppressali']",12,analysi
219,"[78, 12, 192, 125]","['dynam', 'analysi', 'ofricechilosuppressali', 'integr']",15,andpredict
220,"[12, 15, 125, 218]","['analysi', 'andpredict', 'integr', 'remot']",192,ofricechilosuppressali
221,"[15, 192, 218, 240]","['andpredict', 'ofricechilosuppressali', 'remot', 'sens']",125,integr
222,"[192, 125, 240, 202]","['ofricechilosuppressali', 'integr', 'sens', 'physiolog']",218,remot
223,"[125, 218, 202, 121]","['integr', 'remot', 'physiolog', 'indic']",240,sens
224,"[218, 240, 121, 14]","['remot', 'sens', 'indic', 'andenvironment']",202,physiolog
225,"[240, 202, 14, 88]","['sens', 'physiolog', 'andenvironment', 'factor']",121,indic
226,"[202, 121, 88, 288]","['physiolog', 'indic', 'factor', 'yuchenwu']",14,andenvironment
227,"[121, 14, 288, 151]","['indic', 'andenvironment', 'yuchenwu', 'lihuawang']",88,factor
228,"[14, 88, 151, 282]","['andenvironment', 'factor', 'lihuawang', 'yanxiaobao']",288,yuchenwu
229,"[88, 288, 282, 274]","['factor', 'yuchenwu', 'yanxiaobao', 'weiweisun']",151,lihuawang
230,"[288, 151, 274, 296]","['yuchenwu', 'lihuawang', 'weiweisun', 'zhiyuanyao']",282,yanxiaobao
231,"[151, 282, 296, 99]","['lihuawang', 'yanxiaobao', 'zhiyuanyao', 'gangyang']",274,weiweisun
232,"[282, 274, 99, 290]","['yanxiaobao', 'weiweisun', 'gangyang', 'yumiaowang']",296,zhiyuanyao
233,"[274, 296, 290, 236]","['weiweisun', 'zhiyuanyao', 'yumiaowang', 'school']",99,gangyang
234,"[296, 99, 236, 189]","['zhiyuanyao', 'gangyang', 'school', 'ofgeographi']",290,yumiaowang
235,"[99, 290, 189, 16]","['gangyang', 'yumiaowang', 'ofgeographi', 'andremot']",236,school
236,"[290, 236, 16, 240]","['yumiaowang', 'school', 'andremot', 'sens']",189,ofgeographi
237,"[236, 189, 240, 185]","['school', 'ofgeographi', 'sens', 'ningbo']",16,andremot
238,"[189, 16, 185, 265]","['ofgeographi', 'andremot', 'ningbo', 'univers']",240,sens
239,"[16, 240, 265, 185]","['andremot', 'sens', 'univers', 'ningbo']",185,ningbo
240,"[240, 185, 185, 49]","['sens', 'ningbo', 'ningbo', 'china']",265,univers
241,"[185, 265, 49, 185]","['ningbo', 'univers', 'china', 'ningbo']",185,ningbo
242,"[265, 185, 185, 137]","['univers', 'ningbo', 'ningbo', 'keylaboratori']",49,china
243,"[185, 49, 137, 191]","['ningbo', 'china', 'keylaboratori', 'ofremot']",185,ningbo
244,"[49, 185, 191, 240]","['china', 'ningbo', 'ofremot', 'sens']",137,keylaboratori
245,"[185, 137, 240, 13]","['ningbo', 'keylaboratori', 'sens', 'andecolog']",191,ofremot
246,"[137, 191, 13, 239]","['keylaboratori', 'ofremot', 'andecolog', 'secur']",240,sens
247,"[191, 240, 239, 188]","['ofremot', 'sens', 'secur', 'ofcoast']",13,andecolog
248,"[240, 13, 188, 299]","['sens', 'andecolog', 'ofcoast', 'zone']",239,secur
249,"[13, 239, 299]","['andecolog', 'secur', 'zone']",188,ofcoast
250,"[239, 188]","['secur', 'ofcoast']",299,zone
251,"[147, 284]","['level', 'yield']",203,plant
252,"[203, 284, 208]","['plant', 'yield', 'predict']",147,level
253,"[203, 147, 208, 213]","['plant', 'level', 'predict', 'quinoa']",284,yield
254,"[147, 284, 213, 92]","['level', 'yield', 'quinoa', 'field']",208,predict
255,"[284, 208, 92, 204]","['yield', 'predict', 'field', 'plot']",213,quinoa
256,"[208, 213, 204, 3]","['predict', 'quinoa', 'plot', 'across']",92,field
257,"[213, 92, 3, 104]","['quinoa', 'field', 'across', 'growth']",204,plot
258,"[92, 204, 104, 248]","['field', 'plot', 'growth', 'stage']",3,across
259,"[204, 3, 248, 266]","['plot', 'across', 'stage', 'use']",104,growth
260,"[3, 104, 266, 263]","['across', 'growth', 'use', 'uav']",248,stage
261,"[104, 248, 263, 70]","['growth', 'stage', 'uav', 'deriv']",266,use
262,"[248, 266, 70, 250]","['stage', 'use', 'deriv', 'structur']",263,uav
263,"[266, 263, 250, 247]","['use', 'uav', 'structur', 'spectral']",70,deriv
264,"[263, 70, 247, 91]","['uav', 'deriv', 'spectral', 'featur']",250,structur
265,"[70, 250, 91, 158]","['deriv', 'structur', 'featur', 'machin']",247,spectral
266,"[250, 247, 158, 146]","['structur', 'spectral', 'machin', 'learn']",91,featur
267,"[247, 91, 146, 234]","['spectral', 'featur', 'learn', 'sayo']",158,machin
268,"[91, 158, 234, 242]","['featur', 'machin', 'sayo', 'sesaya']",146,learn
269,"[158, 146, 242, 260]","['machin', 'learn', 'sesaya', 'tomoaki']",234,sayo
270,"[146, 234, 260, 278]","['learn', 'sayo', 'tomoaki', 'yamaguchib']",242,sesaya
271,"[234, 242, 278, 233]","['sayo', 'sesaya', 'yamaguchib', 'sayako']",260,tomoaki
272,"[242, 260, 233, 142]","['sesaya', 'tomoaki', 'sayako', 'kushinoa']",278,yamaguchib
273,"[260, 278, 142, 283]","['tomoaki', 'yamaguchib', 'kushinoa', 'yasuharu']",233,sayako
274,"[278, 233, 283, 286]","['yamaguchib', 'sayako', 'yasuharu', 'yoshikawac']",142,kushinoa
275,"[233, 142, 286, 244]","['sayako', 'kushinoa', 'yoshikawac', 'shunsuk']",283,yasuharu
276,"[142, 283, 244, 5]","['kushinoa', 'yasuharu', 'shunsuk', 'adach']",286,yoshikawac
277,"[283, 286, 5, 135]","['yasuharu', 'yoshikawac', 'adach', 'keisuk']",244,shunsuk
278,"[286, 244, 135, 134]","['yoshikawac', 'shunsuk', 'keisuk', 'katsurad']",5,adach
279,"[244, 5, 134, 26]","['shunsuk', 'adach', 'katsurad', 'aunit']",135,keisuk
280,"[5, 135, 26, 102]","['adach', 'keisuk', 'aunit', 'graduat']",134,katsurad
281,"[135, 134, 102, 236]","['keisuk', 'katsurad', 'graduat', 'school']",26,aunit
282,"[134, 26, 236, 9]","['katsurad', 'aunit', 'school', 'agricultur']",102,graduat
283,"[26, 102, 9, 237]","['aunit', 'graduat', 'agricultur', 'scienc']",236,school
284,"[102, 236, 237, 259]","['graduat', 'school', 'scienc', 'tokyo']",9,agricultur
285,"[236, 9, 259, 265]","['school', 'agricultur', 'tokyo', 'univers']",237,scienc
286,"[9, 237, 265, 9]","['agricultur', 'scienc', 'univers', 'agricultur']",259,tokyo
287,"[237, 259, 9, 255]","['scienc', 'tokyo', 'agricultur', 'technolog']",265,univers
288,"[259, 265, 255, 96]","['tokyo', 'univers', 'technolog', 'fuchu']",9,agricultur
289,"[265, 9, 96, 259]","['univers', 'agricultur', 'fuchu', 'tokyo']",255,technolog
290,"[9, 255, 259, 127]","['agricultur', 'technolog', 'tokyo', 'japan']",96,fuchu
291,"[255, 96, 127, 38]","['technolog', 'fuchu', 'japan', 'bfaculti']",259,tokyo
292,"[96, 259, 38, 19]","['fuchu', 'tokyo', 'bfaculti', 'appli']",127,japan
293,"[259, 127, 19, 39]","['tokyo', 'japan', 'appli', 'biolog']",38,bfaculti
294,"[127, 38, 39, 237]","['japan', 'bfaculti', 'biolog', 'scienc']",19,appli
295,"[38, 19, 237, 101]","['bfaculti', 'appli', 'scienc', 'gifu']",39,biolog
296,"[19, 39, 101, 265]","['appli', 'biolog', 'gifu', 'univers']",237,scienc
297,"[39, 237, 265, 280]","['biolog', 'scienc', 'univers', 'yanagido']",101,gifu
298,"[237, 101, 280, 101]","['scienc', 'gifu', 'yanagido', 'gifu']",265,univers
299,"[101, 265, 101]","['gifu', 'univers', 'gifu']",280,yanagido
300,"[265, 280]","['univers', 'yanagido']",101,gifu
301,"[76, 261]","['driver', 'transfer']",208,predict
302,"[208, 261, 177]","['predict', 'transfer', 'multi']",76,driver
303,"[208, 76, 177, 235]","['predict', 'driver', 'multi', 'scale']",261,transfer
304,"[76, 261, 235, 158]","['driver', 'transfer', 'scale', 'machin']",177,multi
305,"[261, 177, 158, 146]","['transfer', 'multi', 'machin', 'learn']",235,scale
306,"[177, 235, 146, 34]","['multi', 'scale', 'learn', 'base']",158,machin
307,"[235, 158, 34, 63]","['scale', 'machin', 'base', 'crop']",146,learn
308,"[158, 146, 63, 284]","['machin', 'learn', 'crop', 'yield']",34,base
309,"[146, 34, 284, 208]","['learn', 'base', 'yield', 'predict']",63,crop
310,"[34, 63, 208, 77]","['base', 'crop', 'predict', 'drought']",284,yield
311,"[63, 284, 77, 3]","['crop', 'yield', 'drought', 'across']",208,predict
312,"[284, 208, 3, 85]","['yield', 'predict', 'across', 'european']",77,drought
313,"[208, 77, 85, 24]","['predict', 'drought', 'european', 'asian']",3,across
314,"[77, 3, 24, 51]","['drought', 'across', 'asian', 'climat']",85,european
315,"[3, 85, 51, 108]","['across', 'european', 'climat', 'hempushpa']",24,asian
316,"[85, 24, 108, 228]","['european', 'asian', 'hempushpa', 'sahua']",51,climat
317,"[24, 51, 228, 30]","['asian', 'climat', 'sahua', 'b']",108,hempushpa
318,"[51, 108, 30, 207]","['climat', 'hempushpa', 'b', 'pradeep']",228,sahua
319,"[108, 228, 207, 141]","['hempushpa', 'sahua', 'pradeep', 'kumar']",30,b
320,"[228, 30, 141, 100]","['sahua', 'b', 'kumar', 'garga']",207,pradeep
321,"[30, 207, 100, 232]","['b', 'pradeep', 'garga', 'saurabh']",141,kumar
322,"[207, 141, 232, 269]","['pradeep', 'kumar', 'saurabh', 'vijaya']",100,garga
323,"[141, 100, 269, 18]","['kumar', 'garga', 'vijaya', 'antara']",232,saurabh
324,"[100, 232, 18, 65]","['garga', 'saurabh', 'antara', 'dasguptab']",269,vijaya
325,"[232, 269, 65, 6]","['saurabh', 'vijaya', 'dasguptab', 'adepart']",18,antara
326,"[269, 18, 6, 50]","['vijaya', 'antara', 'adepart', 'civil']",65,dasguptab
327,"[18, 65, 50, 81]","['antara', 'dasguptab', 'civil', 'engin']",6,adepart
328,"[65, 6, 81, 120]","['dasguptab', 'adepart', 'engin', 'indian']",50,civil
329,"[6, 50, 120, 124]","['adepart', 'civil', 'indian', 'institut']",81,engin
330,"[50, 81, 124, 255]","['civil', 'engin', 'institut', 'technolog']",120,indian
331,"[81, 120, 255, 227]","['engin', 'indian', 'technolog', 'roorke']",124,institut
332,"[120, 124, 227, 267]","['indian', 'institut', 'roorke', 'uttarakhand']",255,technolog
333,"[124, 255, 267, 119]","['institut', 'technolog', 'uttarakhand', 'india']",227,roorke
334,"[255, 227, 119, 42]","['technolog', 'roorke', 'india', 'brwth']",267,uttarakhand
335,"[227, 267, 42, 0]","['roorke', 'uttarakhand', 'brwth', 'aachen']",119,india
336,"[267, 119, 0, 265]","['uttarakhand', 'india', 'aachen', 'univers']",42,brwth
337,"[119, 42, 265, 66]","['india', 'brwth', 'univers', 'data']",0,aachen
338,"[42, 0, 66, 75]","['brwth', 'aachen', 'data', 'driven']",265,univers
339,"[0, 265, 75, 57]","['aachen', 'univers', 'driven', 'comput']",66,data
340,"[265, 66, 57, 144]","['univers', 'data', 'comput', 'lab']",75,driven
341,"[66, 75, 144, 124]","['data', 'driven', 'lab', 'institut']",57,comput
342,"[75, 57, 124, 115]","['driven', 'comput', 'institut', 'hydraul']",144,lab
343,"[57, 144, 115, 81]","['comput', 'lab', 'hydraul', 'engin']",124,institut
344,"[144, 124, 81, 272]","['lab', 'institut', 'engin', 'water']",115,hydraul
345,"[124, 115, 272, 221]","['institut', 'hydraul', 'water', 'resourc']",81,engin
346,"[115, 81, 221, 161]","['hydraul', 'engin', 'resourc', 'manag']",272,water
347,"[81, 272, 161, 126]","['engin', 'water', 'manag', 'iww']",221,resourc
348,"[272, 221, 126, 89]","['water', 'resourc', 'iww', 'faculti']",161,manag
349,"[221, 161, 89]","['resourc', 'manag', 'faculti']",126,iww
350,"[161, 126]","['manag', 'iww']",89,faculti
351,"[284, 208]","['yield', 'predict']",224,rice
352,"[224, 208, 34]","['rice', 'predict', 'base']",284,yield
353,"[224, 284, 34, 263]","['rice', 'yield', 'base', 'uav']",208,predict
354,"[284, 208, 263, 178]","['yield', 'predict', 'uav', 'multispectr']",34,base
355,"[208, 34, 178, 118]","['predict', 'base', 'multispectr', 'imageri']",263,uav
356,"[34, 263, 118, 266]","['base', 'uav', 'imageri', 'use']",178,multispectr
357,"[263, 178, 266, 158]","['uav', 'multispectr', 'use', 'machin']",118,imageri
358,"[178, 118, 158, 146]","['multispectr', 'imageri', 'machin', 'learn']",266,use
359,"[118, 266, 146, 170]","['imageri', 'use', 'learn', 'method']",158,machin
360,"[266, 158, 170, 293]","['use', 'machin', 'method', 'zenghui']",146,learn
361,"[158, 146, 293, 150]","['machin', 'learn', 'zenghui', 'liang']",170,method
362,"[146, 170, 150, 294]","['learn', 'method', 'liang', 'zhaopeng']",293,zenghui
363,"[170, 293, 294, 95]","['method', 'zenghui', 'zhaopeng', 'fu']",150,liang
364,"[293, 150, 95, 69]","['zenghui', 'liang', 'fu', 'denni']",294,zhaopeng
365,"[150, 294, 69, 139]","['liang', 'zhaopeng', 'denni', 'kiplagat']",95,fu
366,"[294, 95, 139, 273]","['zhaopeng', 'fu', 'kiplagat', 'weikang']",69,denni
367,"[95, 69, 273, 270]","['fu', 'denni', 'weikang', 'wang']",139,kiplagat
368,"[69, 139, 270, 129]","['denni', 'kiplagat', 'wang', 'jinpeng']",273,weikang
369,"[139, 273, 129, 281]","['kiplagat', 'weikang', 'jinpeng', 'yang']",270,wang
370,"[273, 270, 281, 297]","['weikang', 'wang', 'yang', 'zhongwei']",129,jinpeng
371,"[270, 129, 297, 148]","['wang', 'jinpeng', 'zhongwei', 'li']",281,yang
372,"[129, 281, 148, 210]","['jinpeng', 'yang', 'li', 'qiang']",297,zhongwei
373,"[281, 297, 210, 45]","['yang', 'zhongwei', 'qiang', 'cao']",148,li
374,"[297, 148, 45, 285]","['zhongwei', 'li', 'cao', 'yongchao']",210,qiang
375,"[148, 210, 285, 256]","['li', 'qiang', 'yongchao', 'tian']",45,cao
376,"[210, 45, 256, 279]","['qiang', 'cao', 'tian', 'yan']",285,yongchao
377,"[45, 285, 279, 298]","['cao', 'yongchao', 'yan', 'zhu']",256,tian
378,"[285, 256, 298, 275]","['yongchao', 'tian', 'zhu', 'weix']",279,yan
379,"[256, 279, 275, 45]","['tian', 'yan', 'weix', 'cao']",298,zhu
380,"[279, 298, 45, 277]","['yan', 'zhu', 'cao', 'xiaojun']",275,weix
381,"[298, 275, 277, 153]","['zhu', 'weix', 'xiaojun', 'liu']",45,cao
382,"[275, 45, 153, 182]","['weix', 'cao', 'liu', 'nation']",277,xiaojun
383,"[45, 277, 182, 81]","['cao', 'xiaojun', 'nation', 'engin']",153,liu
384,"[277, 153, 81, 255]","['xiaojun', 'liu', 'engin', 'technolog']",182,nation
385,"[153, 182, 255, 47]","['liu', 'nation', 'technolog', 'center']",81,engin
386,"[182, 81, 47, 123]","['nation', 'engin', 'center', 'inform']",255,technolog
387,"[81, 255, 123, 9]","['engin', 'technolog', 'inform', 'agricultur']",47,center
388,"[255, 47, 9, 173]","['technolog', 'center', 'agricultur', 'moe']",123,inform
389,"[47, 123, 173, 81]","['center', 'inform', 'moe', 'engin']",9,agricultur
390,"[123, 9, 81, 220]","['inform', 'agricultur', 'engin', 'research']",173,moe
391,"[9, 173, 220, 47]","['agricultur', 'moe', 'research', 'center']",81,engin
392,"[173, 81, 47, 245]","['moe', 'engin', 'center', 'smart']",220,research
393,"[81, 220, 245, 9]","['engin', 'research', 'smart', 'agricultur']",47,center
394,"[220, 47, 9, 163]","['research', 'center', 'agricultur', 'mara']",245,smart
395,"[47, 245, 163, 136]","['center', 'smart', 'mara', 'key']",9,agricultur
396,"[245, 9, 136, 145]","['smart', 'agricultur', 'key', 'laboratori']",163,mara
397,"[9, 163, 145, 63]","['agricultur', 'mara', 'laboratori', 'crop']",136,key
398,"[163, 136, 63, 252]","['mara', 'key', 'crop', 'system']",145,laboratori
399,"[136, 145, 252]","['key', 'laboratori', 'system']",63,crop
400,"[145, 63]","['laboratori', 'crop']",252,system
401,"[208, 170]","['predict', 'method']",284,yield
402,"[284, 170, 217]","['yield', 'method', 'regener']",208,predict
403,"[284, 208, 217, 224]","['yield', 'predict', 'regener', 'rice']",170,method
404,"[208, 170, 224, 34]","['predict', 'method', 'rice', 'base']",217,regener
405,"[170, 217, 34, 116]","['method', 'regener', 'base', 'hyperspectr']",224,rice
406,"[217, 224, 116, 117]","['regener', 'rice', 'hyperspectr', 'imag']",34,base
407,"[224, 34, 117, 25]","['rice', 'base', 'imag', 'attent']",116,hyperspectr
408,"[34, 116, 25, 167]","['base', 'hyperspectr', 'attent', 'mechan']",117,imag
409,"[116, 117, 167, 256]","['hyperspectr', 'imag', 'mechan', 'tian']",25,attent
410,"[117, 25, 256, 111]","['imag', 'attent', 'tian', 'hua']",167,mechan
411,"[25, 167, 111, 295]","['attent', 'mechan', 'hua', 'zhihua']",256,tian
412,"[167, 256, 295, 154]","['mechan', 'tian', 'zhihua', 'liua']",111,hua
413,"[256, 111, 154, 226]","['tian', 'hua', 'liua', 'rong']",295,zhihua
414,"[111, 295, 226, 113]","['hua', 'zhihua', 'rong', 'hub']",154,liua
415,"[295, 154, 113, 156]","['zhihua', 'liua', 'hub', 'lu']",226,rong
416,"[154, 226, 156, 292]","['liua', 'rong', 'lu', 'zengc']",113,hub
417,"[226, 113, 292, 133]","['rong', 'hub', 'zengc', 'kaiwen']",156,lu
418,"[113, 156, 133, 67]","['hub', 'lu', 'kaiwen', 'denga']",292,zengc
419,"[156, 292, 67, 112]","['lu', 'zengc', 'denga', 'huanglin']",133,kaiwen
420,"[292, 133, 112, 74]","['zengc', 'kaiwen', 'huanglin', 'donga']",67,denga
421,"[133, 67, 74, 171]","['kaiwen', 'denga', 'donga', 'ming']",112,huanglin
422,"[67, 112, 171, 149]","['denga', 'huanglin', 'ming', 'lia']",74,donga
423,"[112, 74, 149, 281]","['huanglin', 'donga', 'lia', 'yang']",171,ming
424,"[74, 171, 281, 132]","['donga', 'ming', 'yang', 'jun']",149,lia
425,"[171, 149, 132, 68]","['ming', 'lia', 'jun', 'dengd']",281,yang
426,"[149, 281, 68, 10]","['lia', 'yang', 'dengd', 'ahunan']",132,jun
427,"[281, 132, 10, 9]","['yang', 'jun', 'ahunan', 'agricultur']",68,dengd
428,"[132, 68, 9, 83]","['jun', 'dengd', 'agricultur', 'equip']",10,ahunan
429,"[68, 10, 83, 220]","['dengd', 'ahunan', 'equip', 'research']",9,agricultur
430,"[10, 9, 220, 124]","['ahunan', 'agricultur', 'research', 'institut']",83,equip
431,"[9, 83, 124, 114]","['agricultur', 'equip', 'institut', 'hunan']",220,research
432,"[83, 220, 114, 1]","['equip', 'research', 'hunan', 'academi']",124,institut
433,"[220, 124, 1, 9]","['research', 'institut', 'academi', 'agricultur']",114,hunan
434,"[124, 114, 9, 237]","['institut', 'hunan', 'agricultur', 'scienc']",1,academi
435,"[114, 1, 237, 48]","['hunan', 'academi', 'scienc', 'changsha']",9,agricultur
436,"[1, 9, 48, 49]","['academi', 'agricultur', 'changsha', 'china']",237,scienc
437,"[9, 237, 49, 43]","['agricultur', 'scienc', 'china', 'bschool']",48,changsha
438,"[237, 48, 43, 93]","['scienc', 'changsha', 'bschool', 'food']",49,china
439,"[48, 49, 93, 237]","['changsha', 'china', 'food', 'scienc']",43,bschool
440,"[49, 43, 237, 255]","['china', 'bschool', 'scienc', 'technolog']",93,food
441,"[43, 93, 255, 114]","['bschool', 'food', 'technolog', 'hunan']",237,scienc
442,"[93, 237, 114, 9]","['food', 'scienc', 'hunan', 'agricultur']",255,technolog
443,"[237, 255, 9, 265]","['scienc', 'technolog', 'agricultur', 'univers']",114,hunan
444,"[255, 114, 265, 48]","['technolog', 'hunan', 'univers', 'changsha']",9,agricultur
445,"[114, 9, 48, 49]","['hunan', 'agricultur', 'changsha', 'china']",265,univers
446,"[9, 265, 49, 46]","['agricultur', 'univers', 'china', 'cengin']",48,changsha
447,"[265, 48, 46, 220]","['univers', 'changsha', 'cengin', 'research']",49,china
448,"[48, 49, 220, 47]","['changsha', 'china', 'research', 'center']",46,cengin
449,"[49, 46, 47]","['china', 'cengin', 'center']",220,research
450,"[46, 220]","['cengin', 'research']",47,center
